date,actual,Naive (last value),ARIMA,Random Forest,Random Forest (random search),LSTM,LSTM (random search),LSTM (bayesian search)
2021-10-12,128.49303249595323,128.5462862516983,128.5690523359777,128.46105440623055,128.5100330507539,128.59219986230568,128.533310812269,128.523164853756
2021-10-13,128.64453941518883,128.49303249595323,128.48614357370494,128.58613451002742,128.5362608043652,128.52845646021524,128.49617909919107,128.49914219369748
2021-10-14,128.11971759051625,128.64453941518883,128.69007462063246,128.72359587078745,128.68020703588917,128.6951469623528,128.65573190367292,128.66010014368663
2021-10-15,128.25799520797483,128.11971759051625,127.97169423289736,128.036680495799,128.05090241994097,128.13598872349206,128.12263114518095,128.11691452982444
2021-10-18,128.2495422344636,128.25799520797483,128.23604263618782,128.2167034526487,128.2318590317558,128.3077414233183,128.2488843940144,128.26253662416167
2021-10-19,128.35474230458067,128.2495422344636,128.2369925539388,128.26981821137957,128.23779983283578,128.29916827566734,128.2443765071202,128.26271565165183
2021-10-20,128.0566563579695,128.35474230458067,128.38287997650426,128.45162386149676,128.39990538543927,128.406493422734,128.3533808084162,128.38185717274473
2021-10-21,127.75026979389007,128.0566563579695,127.97360204601858,128.11386635884688,128.0708370943132,128.09115773173735,128.04186792964802,128.06638190257118
2021-10-22,127.6498421923347,127.75026979389007,127.61472661446042,127.82069644217965,127.77361697308586,127.7803744776022,127.72586239593441,127.76802781129594
2021-10-25,127.54588878728214,127.6498421923347,127.55687587120885,127.72877218821748,127.67622181191939,127.69355885024147,127.6181956463583,127.66065950497018
2021-10-26,127.51330680065088,127.54588878728214,127.4708695961045,127.63318887474166,127.57045066091597,127.58912729672852,127.51429331876102,127.5598617048538
2021-10-27,127.65575530667195,127.51330680065088,127.46923446060437,127.58304616170618,127.52729519971568,127.55734133385353,127.48385189511113,127.51991129098691
2021-10-28,127.27864658980437,127.65575530667195,127.68172160652645,127.71633991539794,127.69468606220406,127.70480274323711,127.64164016869256,127.68178673748264
2021-10-29,127.3491281602696,127.27864658980437,127.16925902807363,127.25361732186938,127.23889506401974,127.30146825088926,127.2700788672901,127.29740492216118
2021-11-01,127.27070461902531,127.3491281602696,127.32273090420614,127.41968778425318,127.36901087663587,127.39632575550829,127.33570871652816,127.36824577824925
2021-11-02,127.11086847804653,127.27070461902531,127.23370808414057,127.28217005871834,127.24846855556245,127.31310186479004,127.26227177995952,127.28383099045368
2021-11-03,126.74969399004655,127.11086847804653,127.04299520538336,127.173356555064,127.1455864617468,127.14221086152064,127.11006679237288,127.1382524425553
2021-11-04,126.75033028111339,126.74969399004655,126.60337068771034,126.71623294574121,126.69612708164966,126.77276341832655,126.74737475981416,126.77081218018608
2021-11-05,126.19934592058087,126.75033028111339,126.68496717234977,126.84056296488774,126.78659689131659,126.79226834014536,126.74699780731008,126.77029483639181
2021-11-08,126.137452121954,126.19934592058087,125.99323298003486,126.09993443516629,126.10506776635945,126.21702766080523,126.18648942035759,126.18691835773313
2021-11-09,125.78822912702186,126.137452121954,126.02522997026648,126.20551989239978,126.14387650136153,126.16960243148688,126.11628344668034,126.13093463391024
2021-11-10,125.71113450193529,125.78822912702186,125.62586865561602,125.81636293193618,125.76680074801958,125.80201119704022,125.77642841691001,125.77684087360127
2021-11-11,125.67518417834793,125.71113450193529,125.61363948141494,125.83679648381215,125.75458152478963,125.73135197834794,125.70815804760655,125.7070644998153
2021-11-12,125.88354369957258,125.67518417834793,125.61995946577106,125.74860033208662,125.68254437038897,125.70193930640374,125.68616939261113,125.67044932646235
2021-11-15,125.85738155911689,125.88354369957258,125.92566502431158,125.95889569220307,125.93704371210247,125.92654572386553,125.92232016805818,125.89640833955517
2021-11-16,125.67484826875976,125.85738155911689,125.86786003354058,125.9212179970315,125.88090968019328,125.89243133286958,125.9105858943892,125.87681119064813
2021-11-17,125.52073347609016,125.67484826875976,125.62096444754224,125.72464937584242,125.6989146162667,125.69775331115476,125.73283328024796,125.69711205830923
2021-11-18,125.72610774290125,125.52073347609016,125.44712914401097,125.58960469295046,125.53930472646528,125.54591786529394,125.57248304452273,125.54609093855592
2021-11-19,125.84589069887384,125.72610774290125,125.75903514236896,125.78813710864173,125.77807066815257,125.77324789043824,125.79069861423532,125.76745404329459
2021-11-22,125.82960489561526,125.84589069887384,125.89908658999957,125.9613127155983,125.95290111391641,125.88657347291097,125.9331009517549,125.91867647125706
2021-11-23,125.8148358320822,125.82960489561526,125.84821541919885,125.92036885028986,125.91870940473306,125.86428935622541,125.9226611646053,125.91742184182374
2021-11-24,125.52540698375925,125.8148358320822,125.81843544817991,125.91452026119887,125.89983041063267,125.85163708087103,125.91215103920595,125.91801364775793
2021-11-25,125.53519649187797,125.52540698375925,125.43413546209088,125.57591621236224,125.55551943780215,125.55704576623067,125.60410609569773,125.61780947920307
2021-11-26,125.21483254396779,125.53519649187797,125.49743950700415,125.66270781374058,125.62355924830028,125.57729765902036,125.60316101590865,125.63860023895973
2021-11-29,125.33057417195646,125.21483254396779,125.09510137626752,125.16643330742393,125.25034822495373,125.24789527022702,125.26882687920195,125.31249335372311
2021-11-30,125.4090530915111,125.33057417195646,125.31406697151225,125.45682380743682,125.43551425324804,125.38386510532705,125.38066012259928,125.43237836879102
2021-12-01,125.95194464200983,125.4090530915111,125.42684195921848,125.53923880284984,125.51069759023244,125.46142695526775,125.46897925119099,125.5302381558269
2021-12-02,125.88202903357862,125.95194464200983,126.13414244535544,126.11977467209971,126.0809723914901,126.02333495044957,126.03277911269913,126.09420355433474
2021-12-03,125.89510317829291,125.88202903357862,125.94123410864695,125.95360310174799,125.945186375133,125.93295207185267,125.96299420235275,126.03382147041677
2021-12-06,126.3068097856902,125.89510317829291,125.92582870644492,125.97404439549419,125.96949708762446,125.94659510937373,125.96976380732696,126.0504638620917
2021-12-07,126.67478398939791,126.3068097856902,126.452704167199,126.47435891528364,126.41890898349955,126.37882679226627,126.3875552889966,126.46862274679174
2021-12-08,126.6177759664013,126.67478398939791,126.85825065232521,126.81908560489114,126.75525160753789,126.75413943788233,126.77259701451483,126.8492890890521
2021-12-09,126.70084776233368,126.6177759664013,126.68169196293952,126.71426678332466,126.69661528369919,126.67242685797353,126.71942081766863,126.79229267406006
2021-12-10,126.75835803678663,126.70084776233368,126.75614813716223,126.81458232280448,126.8003773833737,126.75841017316513,126.80077924083405,126.86576867352657
2021-12-13,126.85579711412741,126.75835803678663,126.80159446932362,126.85926475101562,126.84089804063123,126.82123091599377,126.84867000362308,126.90812427333029
2021-12-14,126.82775490792328,126.85579711412741,126.90644179683471,126.98019424974049,126.99940416618519,126.90454461639477,126.95138667737795,127.02601194595648
2021-12-15,126.90075742225898,126.82775490792328,126.84144933240589,126.98915529744102,126.96244573853248,126.87328812913829,126.92640657039219,126.99823979349667
2021-12-16,126.68804494625977,126.90075742225898,126.93032209772203,127.02985342422612,127.02758163769657,126.95247334386957,126.99609546135915,127.0710997186209
2021-12-17,126.74584942164269,126.68804494625977,126.63302842206875,126.79113858998146,126.76716802617526,126.73058305270126,126.77905595637014,126.85181670970371
2021-12-20,126.94563147646882,126.74584942164269,126.73974739005946,126.94481983792217,126.8972359762474,126.79232116641846,126.83934635522213,126.91371057035771
2021-12-21,127.01441250085827,126.94563147646882,127.00701190993742,127.10075691932627,127.07577396472149,127.00308990327217,127.05073344183661,127.11793139798142
2021-12-22,126.7860162445034,127.01441250085827,127.06399044892568,127.1474893911558,127.13212197286234,127.06496098354455,127.12311794698235,127.18881490170952
2021-12-23,126.99557673162586,126.7860162445034,126.7349343526085,126.89325989608102,126.86757998724168,126.82600160694375,126.89228015026703,126.94970667740955
2021-12-24,127.20019964572856,126.99557673162586,127.03993986784157,127.17860921864339,127.15433991033886,127.0464451310671,127.09701127535469,127.16647859639293
2021-12-27,127.181315992443,127.20019964572856,127.28574701019588,127.36655788772651,127.35533688515278,127.25352698636124,127.31652913686702,127.38743726608226
2021-12-28,127.18172813986878,127.181315992443,127.21358946434685,127.3030862846194,127.28494626787757,127.22858240496937,127.30179171678249,127.36430974718753
2021-12-29,126.96903978891582,127.18172813986878,127.19632211460994,127.3148510014357,127.28893943834444,127.2249983552609,127.29219371115308,127.36723116075139
2021-12-30,126.81008414928738,126.96903978891582,126.90732265262841,127.08299532309238,127.04981284191044,126.99725721448571,127.06788625426502,127.14543866224498
2021-12-31,126.79865555148695,126.81008414928738,126.73141617608763,127.00846713235475,126.93644901339148,126.83178600300971,126.89788205181185,126.98426696662727
2022-01-03,127.15346711243853,126.79865555148695,126.75973681486752,126.99268722920762,126.94014415449698,126.8290044223902,126.88147834371898,126.97047575991724
2022-01-04,127.19167942915247,127.15346711243853,127.24989502133266,127.37954894582467,127.32898213928513,127.20262654985652,127.24855351562962,127.33066433037982
2022-01-05,127.42849029600431,127.19167942915247,127.24715189683994,127.36025767859515,127.31946862210269,127.22442470479892,127.29328398767994,127.36652358982847
2022-01-06,127.46628465053473,127.42849029600431,127.52934560855165,127.61586424327406,127.59811049289812,127.46960651129295,127.53760682791282,127.60255363583376
2022-01-07,127.6174784318244,127.46628465053473,127.52360689902126,127.56178939050992,127.57277045551523,127.49692779515718,127.57753505852853,127.63342143890296
2022-01-10,127.69661543110814,127.6174784318244,127.69168609828849,127.70283950541884,127.71143568740821,127.65724664709325,127.72779536402578,127.78069178915376
2022-01-11,127.98340966242665,127.69661543110814,127.75526472328534,127.82263467599772,127.82809941598575,127.73246516624894,127.80617253074851,127.8622958097836
2022-01-12,128.0186389827304,127.98340966242665,128.10172934046443,128.19756233089575,128.1517236488958,128.03237144711727,128.09742935437077,128.15558973389977
2022-01-13,127.78613259044985,128.0186389827304,128.0829638143803,128.09667468604206,128.10640418484746,128.0617301532202,128.13163353438904,128.18796251650383
2022-01-14,127.5734571280227,127.78613259044985,127.7403397217155,127.98520918265987,127.90762073620112,127.80836132129232,127.88884273318152,127.94459548739295
2022-01-17,127.53222092683582,127.5734571280227,127.48468485037886,127.76325091559733,127.68632975096126,127.59477218671599,127.66432566068032,127.719994685267
2022-01-18,127.33796122595307,127.53222092683582,127.47920850357167,127.6475521620682,127.62609555317677,127.56849239091544,127.61617319728403,127.67070930893688
2022-01-19,127.47774349017384,127.33796122595307,127.25186392373182,127.47949527793396,127.43407801850712,127.35523991770681,127.4181858666205,127.46892854496475
2022-01-20,127.5308457129629,127.47774349017384,127.48402279156014,127.67590234089,127.63727402301147,127.50522499395849,127.55699542029144,127.62100598080399
2022-01-21,128.13512641545697,127.5308457129629,127.55070120969468,127.72140636367175,127.67122354729493,127.55161185758129,127.6248666160734,127.67614131802634
2022-01-24,128.02551060399054,128.13512641545697,128.33795149166394,128.36216397151395,128.31886573148887,128.17768857609792,128.25465116259022,128.3028645699875
2022-01-25,128.1404787242117,128.02551060399054,128.0812180108736,128.160104528,128.14580992129106,128.0417661447638,128.15308540543555,128.18579270919798
2022-01-26,128.0150337946583,128.1404787242117,128.20233711767597,128.22897506249964,128.2405830209095,128.1678014095577,128.26932174858476,128.29372463521386
2022-01-27,127.96214683405262,128.0150337946583,128.0024942521018,128.09351625350104,128.09675122174627,128.03259435491455,128.1363420841266,128.15835039140475
2022-01-28,128.0776443521668,127.96214683405262,127.93955521287901,128.11087722359161,128.07871433509078,127.97460972848486,128.07745470157963,128.09458960644108
2022-01-31,127.7323389587273,128.0776443521668,128.1045869342002,128.20752852140427,128.21617734874607,128.1044868382801,128.18479415431514,128.22026300832525
2022-02-01,127.82350372564602,127.7323389587273,127.63359530035677,127.7541824936131,127.81300811521686,127.73186554286988,127.82320099447864,127.86763044570583
2022-02-02,128.32931076959616,127.82350372564602,127.80851371371583,128.0069613042117,127.96849199835107,127.84669465799439,127.90709351789761,127.95867083263207
2022-02-03,128.41986441982064,128.32931076959616,128.4849191054049,128.53485232228493,128.48950410439656,128.3781059332276,128.43314530924803,128.48191877678877
2022-02-04,128.5453649489203,128.41986441982064,128.5186531327015,128.47952503652493,128.506696629535,128.45754022521052,128.53169858825478,128.56857253980908
2022-02-07,128.84682806674437,128.5453649489203,128.62990812485563,128.6125919995761,128.63754683123585,128.57839535083562,128.65683330129772,128.69272983353525
2022-02-08,128.95374889769974,128.84682806674437,128.98145835509698,129.01094764021568,128.98196233185715,128.88577802572445,128.9709803992887,128.99966625217394
2022-02-09,128.92715680451482,128.95374889769974,129.0483899829522,129.059995455297,129.0636915068997,128.98860028484287,129.0837651649994,129.1077453503889
2022-02-10,128.52444839714644,128.92715680451482,128.96103134346035,129.01991329558203,129.02394286048545,128.9563370742032,129.0555329606065,129.06635655315011
2022-02-11,128.64341513952715,128.52444839714644,128.41038896748825,128.47618625646666,128.5650592212298,128.5324971150103,128.62989847599147,128.64135203747628
2022-02-14,128.6975706392,128.64341513952715,128.63048445345885,128.75914448078018,128.7567062678665,128.67885113275153,128.73621894559366,128.76789052924616
2022-02-15,128.5530915501023,128.6975706392,128.7091561831145,128.80150878208002,128.79016135092257,128.73175615305402,128.79373125965097,128.81866084272363
2022-02-16,128.61214116546702,128.5530915501023,128.51191629119765,128.68682544394775,128.65221491710543,128.5699758267457,128.64024687730318,128.66804713927752
2022-02-17,128.55208343418815,128.61214116546702,128.61264098413085,128.73832404305716,128.7036847180423,128.64040318089914,128.69174018833232,128.73211697074962
2022-02-18,128.48859641092554,128.55208343418815,128.53303346782428,128.64423085712954,128.63000790055784,128.56730464811005,128.63330808433273,128.6653619721768
2022-02-21,128.6482827463012,128.48859641092554,128.4596856673456,128.59770051157668,128.57157461439485,128.5046295313789,128.5640064640595,128.59722415494457
2022-02-22,128.43167088450696,128.6482827463012,128.6865749644502,128.73772469868553,128.73300088527137,128.68160757653524,128.72253802649786,128.75978824727346
2022-02-23,128.62628442518044,128.43167088450696,128.37931375815657,128.52029656774255,128.47799079411053,128.4371216505749,128.50135672362353,128.52414138885047
2022-02-24,128.44863873042834,128.62628442518044,128.66527930457198,128.74261714050698,128.7342991947772,128.64966203927625,128.69299310169745,128.73518039010096
2022-02-25,128.28759723365283,128.44863873042834,128.40910162271214,128.5493537504116,128.4935389740487,128.46309833389444,128.51286573030723,128.53790484436524
2022-02-28,128.62391827775704,128.28759723365283,128.21819870617622,128.3363063920936,128.3063867056022,128.3054701762644,128.33423967495537,128.35894607216096
2022-03-01,128.90164780240707,128.62391827775704,128.70075418564278,128.729302451409,128.67764755504714,128.67471798657047,128.66242095230686,128.71326450033652
2022-03-02,128.9954474539081,128.90164780240707,129.02520780580093,129.04311424643012,129.00990769058333,128.94690459963135,128.95227508988432,129.01049213480405
2022-03-03,128.8407584112254,128.9954474539081,129.08091706251938,129.0780957062875,129.06326108046264,129.02832205300726,129.05507894685067,129.09624728267588
2022-03-04,128.71151625495364,128.8407584112254,128.82941390619877,128.92927942862508,128.89032145260646,128.85862962716493,128.89645483532223,128.91687519663247
2022-03-07,128.73035543100548,128.71151625495364,128.66495595565877,128.78040663375953,128.77065414002683,128.72679805792828,128.755409048311,128.7810650927942
2022-03-08,128.68975640990834,128.73035543100548,128.7155377459776,128.78804447002494,128.745377883034,128.77499115528178,128.75931130969536,128.79301582710457
2022-03-09,128.6687999695544,128.68975640990834,128.67008744360788,128.80497508627766,128.74375792190992,128.71786242135863,128.71281729982297,128.75733976968627
2022-03-10,128.6829279818966,128.6687999695544,128.653260914351,128.7729863307931,128.73573254616204,128.68559152558493,128.6929932080214,128.73061917647766
2022-03-11,128.60942985804718,128.6829279818966,128.6804989590112,128.74485302147437,128.70077220740674,128.7145904199614,128.70532217895826,128.7316659064426
2022-03-14,128.28371404743885,128.60942985804718,128.58475414382855,128.6806468683024,128.63018931557266,128.62834167795222,128.63106111379307,128.6485009858195
2022-03-15,128.08108145076554,128.28371404743885,128.16812704434915,128.3322125857826,128.28807803861017,128.28891327678357,128.29221530332362,128.31092063597535
2022-03-16,128.18239144027385,128.08108145076554,127.96425749008971,128.1446930715256,128.09713507730814,128.08926131840568,128.07182138118665,128.101665456628
2022-03-17,127.89522829862221,128.18239144027385,128.162555504807,128.25249584787935,128.20981608567456,128.21122827358695,128.16597274109873,128.2081981597111
2022-03-18,127.79721684754871,127.89522829862221,127.7941824507004,127.9843451246377,127.91085517463061,127.88900218415915,127.88359249034806,127.91989452602252
2022-03-21,127.61526388189401,127.79721684754871,127.72048414176837,127.92474375462378,127.8359295360167,127.79680302609152,127.78175173514568,127.82019213774286
2022-03-22,127.55540778121126,127.61526388189401,127.52248706736037,127.68230762996834,127.63520494733054,127.61421333105415,127.60317240356113,127.62593057452347
2022-03-23,127.46099286219301,127.55540778121126,127.49462536695154,127.6766310916517,127.61561558140629,127.55370006494836,127.54467205150199,127.57083086023253
2022-03-24,127.69175474247022,127.46099286219301,127.40345636786978,127.5453003979702,127.48469191649728,127.46777057619961,127.45286700194897,127.47573747923794
2022-03-25,127.82410583623293,127.69175474247022,127.74002960281435,127.7783640929966,127.7495487675794,127.71216472884699,127.69962566433533,127.7238617380528
2022-03-28,127.53259850578155,127.82410583623293,127.88821231774372,127.89810288141652,127.87032279814599,127.85364363506976,127.84787150078061,127.86278388627413
2022-03-29,127.55394695019832,127.53259850578155,127.46777300973349,127.5805372325422,127.54809960475382,127.53449561324209,127.55698241950716,127.55554526211466
2022-03-30,127.35001232409995,127.55394695019832,127.5317499338335,127.61982518749572,127.58915781880738,127.57630065335444,127.57333320258668,127.58297204105666
2022-03-31,127.19355834451981,127.35001232409995,127.27461846111707,127.45288597789985,127.40711597396594,127.34864817739144,127.3690764506362,127.38452378222864
2022-04-01,127.17506161568429,127.19355834451981,127.1095646866397,127.27509170095675,127.22840494227223,127.202424376174,127.20673235030391,127.22154398252734
2022-04-04,126.98883774688474,127.17506161568429,127.13148811664219,127.27234320180929,127.21838067599734,127.199301016086,127.17775074349458,127.20031822522844
2022-04-05,127.07660160709382,126.98883774688474,126.90954890312548,127.05539970815131,127.01980657510897,126.99857411438606,126.98533334534622,127.00964211670689
2022-04-06,126.85628710911791,127.07660160709382,127.0692378452862,127.18066952878648,127.12625849276688,127.11031307030679,127.06840090576769,127.10169236671389
2022-04-07,126.60025662235691,126.85628710911791,126.78228332599399,126.91936002629545,126.88103874429486,126.87549505607407,126.84214219861846,126.87181667556237
2022-04-08,126.35504649687174,126.60025662235691,126.48492942111243,126.67018608055616,126.62785679577529,126.60889203060194,126.57394745625331,126.61503796051963
2022-04-11,126.11021838793394,126.35504649687174,126.22467482551163,126.41477592090325,126.35966255547869,126.36279715332749,126.32147673997643,126.36423515729221
2022-04-12,126.20114894281356,126.11021838793394,125.97322790427059,126.16404031010917,126.11504427336008,126.11765489159015,126.06602395409581,126.11088493229917
2022-04-13,126.25777519713392,126.20114894281356,126.16894540675247,126.30176483637047,126.23762061255832,126.22874352405994,126.16011227364866,126.21327735739975
2022-04-14,126.52828897371846,126.25777519713392,126.26151752145715,126.33977534511325,126.30020841874483,126.28477167929759,126.2271220780467,126.27148204702189
2022-04-15,126.95311026723834,126.52828897371846,126.61678012059433,126.63634507618701,126.59637796277237,126.57242338940459,126.51572242401498,126.56145580321508
2022-04-18,126.70026296817811,126.95311026723834,127.12909816879646,126.91028629829559,126.97392703167051,127.02332105191203,126.96183262375894,127.0060902208254
2022-04-19,126.58272209368646,126.70026296817811,126.69797832316641,126.7474506916873,126.72731499071794,126.72381500222833,126.71561599125268,126.73532186144145
2022-04-20,126.20865273483325,126.58272209368646,126.54397672337944,126.52414679056146,126.56691119807061,126.62269031606614,126.58378185647074,126.6121455540508
2022-04-21,125.85266301221114,126.20865273483325,126.07124334674599,126.025848930568,126.1060689348796,126.23412906386186,126.19267731540133,126.23007850729157
2022-04-22,125.55651175412184,125.85266301221114,125.67684456648803,125.75066715502874,125.76757961597481,125.87177748232048,125.8132466431604,125.87160558811289
2022-04-25,125.18897136963426,125.55651175412184,125.38268581898271,125.56730797687975,125.53834781016201,125.581468850326,125.49280721130616,125.57317966404206
2022-04-26,124.79203782952129,125.18897136963426,124.99312783126642,125.05293949244995,125.0769898668805,125.20504221796512,125.11023918456851,125.19157170701294
2022-04-27,124.60079004928707,124.79203782952129,124.57689527454323,124.69804123996786,124.70776780320377,124.78723288257345,124.70977646833956,124.7807828967899
2022-04-28,124.19245445901691,124.60079004928707,124.44300901083975,124.4505506135728,124.53933741453402,124.60669208724289,124.51745678797602,124.57076647818326
2022-04-29,124.17107440744687,124.19245445901691,123.99070848272083,124.04709071553994,124.07526193380488,124.16986617991864,124.10857065195381,124.12662100220263
2022-05-02,123.87162373847424,124.17107440744687,124.07381089923051,124.12627689864824,124.14296726634363,124.16720657962534,124.09337882911015,124.09114448194552
2022-05-03,124.27303562506219,123.87162373847424,123.73193932537066,123.88012880802282,123.83719830154241,123.84107348582803,123.80527172870099,123.76659840977847
2022-05-04,124.16935784046528,124.27303562506219,124.3392656835365,124.39541522261614,124.33617646688991,124.2892720699974,124.24234133779188,124.2169057038345
2022-05-05,124.04419916876418,124.16935784046528,124.1657628234912,124.11035903618307,124.14863457007031,124.16649443193329,124.15589459476051,124.10850192655799
2022-05-06,123.67667911534012,124.04419916876418,124.00242189244292,124.11196998048152,124.07350174602568,124.03494887248439,124.04051183684555,123.99445812039835
2022-05-09,123.84868076698639,123.67667911534012,123.54001295924922,123.59677449177346,123.61215924077291,123.65454356704653,123.66623551172019,123.61392055039109
2022-05-10,123.97327090191753,123.84868076698639,123.84264017813308,123.7475926148829,123.83428051830069,123.87632612393953,123.84933959348145,123.81908873351075
2022-05-11,123.92379661725433,123.97327090191753,124.01054801717046,123.87152168015106,123.9581481175336,124.0141820138982,123.98432100328715,123.96165555852564
2022-05-12,123.55112317592172,123.92379661725433,123.92462299294414,123.99662937828957,123.94684292846944,123.95608074666531,123.94206461945147,123.91868557437853
2022-05-13,123.4227245292654,123.55112317592172,123.43189382599881,123.47248015205712,123.48416365353759,123.56272781003533,123.56185910493402,123.53736148976056
2022-05-16,123.08086486864782,123.4227245292654,123.32809185264617,123.48459420432827,123.44673923926334,123.4458004637649,123.43027404006847,123.42273619183328
2022-05-17,123.21648761221999,123.08086486864782,122.92874928819181,123.11328997948422,123.07215283091429,123.08911765791423,123.0778142959433,123.0821722747613
2022-05-18,123.32410677929687,123.21648761221999,123.19184930861688,123.3141956576032,123.2638055975052,123.25162319058413,123.21159225899586,123.23492441477114
2022-05-19,123.30002612404554,123.32410677929687,123.34760389757798,123.42667507867942,123.3816508403646,123.35917031799721,123.33369299990403,123.36614821140932
2022-05-20,122.70442290651002,123.30002612404554,123.3028271096324,123.34156434260399,123.30289493861817,123.33410363055795,123.313133991957,123.3443355538699
2022-05-23,122.28638632014466,122.70442290651002,122.5145349833455,122.54070111932165,122.58038798061976,122.70444647603611,122.69317203807034,122.722476127095
2022-05-24,122.24230475147486,122.28638632014466,122.06714000724367,122.14608713539475,122.18392052739064,122.28559597425468,122.25087485253883,122.28324231250284
2022-05-25,122.40844902667435,122.24230475147486,122.12991391255994,122.33381526081772,122.2696104411424,122.25720083602936,122.20073200558544,122.24814826186046
2022-05-26,122.61790922917878,122.40844902667435,122.41140641104413,122.48948696472287,122.43627407546535,122.43153496171566,122.38370569321545,122.43310729871722
2022-05-27,122.26528561924624,122.61790922917878,122.68645512146801,122.72148982832948,122.67703014495196,122.65353390835678,122.60644465759849,122.65133263431942
2022-05-30,122.14068354840342,122.26528561924624,122.18283577074634,122.13636493767385,122.17030657762955,122.27517222398001,122.25144853693473,122.26873353327665
2022-05-31,122.22367666403551,122.14068354840342,122.06375013580278,122.19146414612108,122.16389409348375,122.16162410925094,122.12269674229387,122.14695309090379
2022-06-01,121.8341880182428,122.22367666403551,122.21583732449055,122.3229603712798,122.27781884992234,122.2578181859364,122.21438935885925,122.24973993303973
2022-06-02,121.68924588407629,121.8341880182428,121.70567917744165,121.77814883844293,121.77539672682391,121.84175755806916,121.82287086012491,121.8475732805831
2022-06-03,121.656094010026,121.68924588407629,121.58514588473575,121.75989075802099,121.69728795915269,121.70427076588624,121.67355810920947,121.70586394961231
2022-06-06,121.54295107568501,121.656094010026,121.59880770185623,121.74020570777758,121.69512376129114,121.67190783195271,121.65318497972636,121.68282101027741
2022-06-07,121.10023862868675,121.54295107568501,121.48097092326194,121.61523627804922,121.58102563399787,121.55638055163323,121.54595631020962,121.571421953243
2022-06-08,120.92791681470966,121.10023862868675,120.93038858357198,121.03761225093652,121.02019256265696,121.08784391358623,121.09270288748795,121.1171927899135
2022-06-09,120.77870337868117,120.92791681470966,120.7965050861572,120.9948338982013,120.93078163130872,120.92811535833438,120.92195295882097,120.93800059533363
2022-06-10,120.67015315162882,120.77870337868117,120.67193183761285,120.83645825464642,120.78621851418112,120.78101608593025,120.77115954801448,120.78366458060228
2022-06-13,120.51745585488771,120.67015315162882,120.58747262871333,120.74418552668247,120.68559684248741,120.67183317245383,120.66695891217262,120.68518439902857
